{
    "IDE": 1041748782,
    "Location": "Severograd",
    "Position": [
        7490.921875,
        122.26744079589844,
        12662.0068359375
    ],
    "Ammount": 6000.0,
    "AmmountMax": 10000.0,
    "RefreshPerRestart": 4000.0,
    "ChanceRefresh": 0.10000000149011612
}