{
    "IDE": 369403250,
    "Location": "Zelenogorsk",
    "Position": [
        2678.28564453125,
        212.0707550048828,
        5606.88818359375
    ],
    "Ammount": 6000.0,
    "AmmountMax": 10000.0,
    "RefreshPerRestart": 4000.0,
    "ChanceRefresh": 0.10000000149011612
}