{
    "IDE": 419632292,
    "Location": "Pustoshka",
    "Position": [
        3004.393310546875,
        343.2765197753906,
        7465.47998046875
    ],
    "Ammount": 2000.0,
    "AmmountMax": 10000.0,
    "RefreshPerRestart": 4000.0,
    "ChanceRefresh": 0.10000000149011612
}