{
    "IDE": 419632293,
    "Location": "Pustoshka",
    "Position": [
        3004.702392578125,
        343.2517395019531,
        7468.203125
    ],
    "Ammount": 2000.0,
    "AmmountMax": 10000.0,
    "RefreshPerRestart": 4000.0,
    "ChanceRefresh": 0.10000000149011612
}