{
    "IDE": 503920825,
    "Location": "Vybor",
    "Position": [
        3659.28564453125,
        312.3394470214844,
        8988.90625
    ],
    "Ammount": 6000.0,
    "AmmountMax": 10000.0,
    "RefreshPerRestart": 4000.0,
    "ChanceRefresh": 0.10000000149011612
}