{
    "IDE": 605475544,
    "Location": "Zaprudnoe",
    "Position": [
        4334.03662109375,
        178.09226989746095,
        13068.2890625
    ],
    "Ammount": 2000.0,
    "AmmountMax": 10000.0,
    "RefreshPerRestart": 4000.0,
    "ChanceRefresh": 0.10000000149011612
}