{
    "IDE": 605475543,
    "Location": "Zaprudnoe",
    "Position": [
        4328.30810546875,
        178.10671997070313,
        13080.8955078125
    ],
    "Ammount": 10000.0,
    "AmmountMax": 10000.0,
    "RefreshPerRestart": 4000.0,
    "ChanceRefresh": 0.10000000149011612
}