{
    "IDE": 605475545,
    "Location": "Zaprudnoe",
    "Position": [
        4331.1611328125,
        178.10037231445313,
        13074.5966796875
    ],
    "Ammount": 6000.0,
    "AmmountMax": 10000.0,
    "RefreshPerRestart": 4000.0,
    "ChanceRefresh": 0.10000000149011612
}