{
    "IDE": 621966282,
    "Location": "NWA",
    "Position": [
        4496.490234375,
        339.6688232421875,
        10874.0927734375
    ],
    "Ammount": 2000.0,
    "AmmountMax": 10000.0,
    "RefreshPerRestart": 4000.0,
    "ChanceRefresh": 0.10000000149011612
}