{
    "IDE": 630356033,
    "Location": "NWA",
    "Position": [
        4523.7734375,
        339.7786865234375,
        10792.7802734375
    ],
    "Ammount": 6000.0,
    "AmmountMax": 10000.0,
    "RefreshPerRestart": 4000.0,
    "ChanceRefresh": 0.10000000149011612
}