{
    "IDE": 630355045,
    "Location": "NWA",
    "Position": [
        4512.6796875,
        339.726806640625,
        10846.3857421875
    ],
    "Ammount": 6000.0,
    "AmmountMax": 10000.0,
    "RefreshPerRestart": 4000.0,
    "ChanceRefresh": 0.10000000149011612
}