{
    "IDE": 630356032,
    "Location": "NWA",
    "Position": [
        4514.91552734375,
        339.7786865234375,
        10787.9716796875
    ],
    "Ammount": 2000.0,
    "AmmountMax": 10000.0,
    "RefreshPerRestart": 4000.0,
    "ChanceRefresh": 0.10000000149011612
}