{
    "IDE": 630356031,
    "Location": "NWA",
    "Position": [
        4532.34912109375,
        339.7786865234375,
        10797.47265625
    ],
    "Ammount": 6000.0,
    "AmmountMax": 10000.0,
    "RefreshPerRestart": 4000.0,
    "ChanceRefresh": 0.10000000149011612
}