{
    "IDE": 630354892,
    "Location": "NWA",
    "Position": [
        4504.6015625,
        339.70147705078127,
        10860.3671875
    ],
    "Ammount": 6000.0,
    "AmmountMax": 10000.0,
    "RefreshPerRestart": 4000.0,
    "ChanceRefresh": 0.10000000149011612
}