{
    "IDE": 647218457,
    "Location": "NWA",
    "Position": [
        4644.60791015625,
        339.8586730957031,
        9510.67578125
    ],
    "Ammount": 2000.0,
    "AmmountMax": 10000.0,
    "RefreshPerRestart": 4000.0,
    "ChanceRefresh": 0.10000000149011612
}