{
    "IDE": 647218458,
    "Location": "NWA",
    "Position": [
        4644.638671875,
        339.8586730957031,
        9518.7431640625
    ],
    "Ammount": 2000.0,
    "AmmountMax": 10000.0,
    "RefreshPerRestart": 4000.0,
    "ChanceRefresh": 0.10000000149011612
}