{
    "IDE": 814948953,
    "Location": "Grishino",
    "Position": [
        5849.48779296875,
        278.89300537109377,
        10104.4990234375
    ],
    "Ammount": 6000.0,
    "AmmountMax": 10000.0,
    "RefreshPerRestart": 4000.0,
    "ChanceRefresh": 0.10000000149011612
}