{
    "DisableStaminaPerkWhenAiming": 0,
    "PenalizedStaminaSkillAfterDeath": [
        0.0,
        0.9800000190734863
    ],
    "LevelMdf": [
        1.0,
        0.9599999785423279,
        0.9200000166893005,
        0.8799999952316284,
        0.8399999737739563,
        0.800000011920929,
        0.7599999904632568,
        0.7200000286102295,
        0.6800000071525574,
        0.6399999856948853,
        0.6000000238418579,
        0.5600000023841858,
        0.5199999809265137,
        0.47999998927116396,
        0.4399999976158142,
        0.4000000059604645,
        0.36000001430511477,
        0.3199999928474426,
        0.2800000011920929,
        0.23999999463558198,
        0.20000000298023225,
        0.1599999964237213,
        0.11999999731779099
    ],
    "RequiredExp": [
        0.0,
        2400.0,
        2600.0,
        2800.0,
        3000.0,
        3200.0,
        3400.0,
        3600.0,
        3800.0,
        4000.0,
        4200.0,
        4400.0,
        4600.0,
        4800.0,
        5000.0,
        5200.0,
        5400.0,
        5600.0,
        5800.0,
        6000.0,
        6200.0,
        6400.0,
        6600.0
    ],
    "AnabolicMdf": 4.0,
    "MoveRun": 0.5,
    "MoveSprint": 0.800000011920929,
    "ClimbFast": 0.7000000476837158,
    "ClimbSlow": 0.20000004768371583,
    "SwimFast": 1.0,
    "SwimSlow": 1.0
}