{
    "EnableHallOfFame": 1,
    "StoreLastSessionInHoF": 0,
    "MaxCountRecords": 30,
    "PenalizedReputationSkillAfterDeath": [
        0.0,
        0.949999988079071
    ],
    "LevelMdf": [
        0.0,
        0.009999999776482582,
        0.019999999552965165,
        0.029999999329447748,
        0.03999999910593033,
        0.05000000074505806,
        0.05999999865889549,
        0.07000000029802323,
        0.07999999821186066,
        0.09000000357627869,
        0.10000000149011612,
        0.10999999940395355,
        0.11999999731779099,
        0.12999999523162843,
        0.14000000059604646,
        0.15000000596046449,
        0.1599999964237213,
        0.17000000178813935,
        0.18000000715255738,
        0.20000000298023225
    ],
    "RequiredExp": [
        0.0,
        20000.0,
        40000.0,
        60000.0,
        80000.0,
        100000.0,
        120000.0,
        140000.0,
        160000.0,
        180000.0,
        200000.0,
        220000.0,
        240000.0,
        260000.0,
        280000.0,
        300000.0,
        320000.0,
        340000.0,
        3600000.0,
        380000.0
    ],
    "KillPlayerBonus": 0.05000000074505806,
    "Buy": [
        1.0,
        -1.0
    ],
    "Sell": [
        1.0,
        -1.0
    ],
    "KillHero": [
        -2500.0,
        -5000.0
    ],
    "KillBandit": [
        5000.0,
        -2500.0
    ],
    "SkinPlayer": [
        -20000.0,
        -5000.0
    ],
    "KillZombie": [
        500.0,
        -50.0
    ],
    "KillAnimal": [
        -2500.0,
        -5000.0
    ],
    "KillWolf": [
        5000.0,
        -5000.0
    ],
    "KillBear": [
        20000.0,
        -20000.0
    ],
    "LockPicking": [
        -5000.0,
        -5000.0
    ],
    "TreatOthers": [
        2500.0,
        5000.0
    ],
    "DestroyCombLock": [
        -5000.0,
        -5000.0
    ],
    "DestroyPart": [
        -5000.0,
        -5000.0
    ],
    "DigInRadioactiveBarrel": [
        20000.0,
        20000.0
    ]
}