{
    "PenalizedHuntingSkillAfterDeath": [
        0.0,
        0.9800000190734863
    ],
    "RequiredLevelToSkin": 0,
    "RequiredLevelToGetPelt": 0,
    "AffectPeltQualityByLevel": 1,
    "PeltIsNotRepairable": 1,
    "LevelMdf": [
        0.5,
        0.550000011920929,
        0.6000000238418579,
        0.6499999761581421,
        0.699999988079071,
        0.75,
        0.800000011920929,
        0.8500000238418579,
        0.8999999761581421,
        0.949999988079071,
        1.0,
        1.0499999523162842,
        1.100000023841858,
        1.149999976158142,
        1.2000000476837159,
        1.25,
        1.2999999523162842,
        1.350000023841858,
        1.399999976158142,
        1.4500000476837159,
        1.5
    ],
    "DamageLevelMdf": [
        0.0,
        0.019999999552965165,
        0.03999999910593033,
        0.05999999865889549,
        0.07999999821186066,
        0.10000000149011612,
        0.11999999731779099,
        0.14000000059604646,
        0.1599999964237213,
        0.18000000715255738,
        0.20000000298023225,
        0.2199999988079071,
        0.23999999463558198,
        0.25999999046325686,
        0.2800000011920929,
        0.30000001192092898,
        0.3199999928474426,
        0.3400000035762787,
        0.36000001430511477,
        0.3799999952316284,
        0.4000000059604645
    ],
    "RequiredExp": [
        0.0,
        500.0,
        1000.0,
        2000.0,
        3000.0,
        4000.0,
        5000.0,
        6000.0,
        7000.0,
        8000.0,
        9000.0,
        10000.0,
        11000.0,
        12000.0,
        13000.0,
        14000.0,
        15000.0,
        16000.0,
        17000.0,
        18000.0,
        19000.0
    ],
    "SkinAnimal": 200.0,
    "KillAnimal": 100.0,
    "KillDeer": 2000.0,
    "KillBoar": 1000.0,
    "KillWolf": 500.0,
    "KillBear": 1500.0
}