{
    "IDE": 1126032903,
    "Location": "Romashka",
    "Position": [
        8080.81103515625,
        255.4713592529297,
        10916.66015625
    ],
    "Ammount": 20000.0,
    "AmmountMax": 30000.0,
    "RefreshPerRestart": 5000.0,
    "ChanceRefresh": 0.5
}