{
    "IDE": 1134056839,
    "Location": "Prigorodki",
    "Position": [
        8140.4453125,
        6.435553073883057,
        3226.46484375
    ],
    "Ammount": 30000.0,
    "AmmountMax": 30000.0,
    "RefreshPerRestart": 5000.0,
    "ChanceRefresh": 0.5
}