{
    "IDE": 1185011997,
    "Location": "Troitskoe Military",
    "Position": [
        8469.916015625,
        204.41461181640626,
        13964.693359375
    ],
    "Ammount": 30000.0,
    "AmmountMax": 30000.0,
    "RefreshPerRestart": 5000.0,
    "ChanceRefresh": 0.5
}