{
    "IDE": 1276849814,
    "Location": "Pusta",
    "Position": [
        9164.52734375,
        224.3890380859375,
        3895.712890625
    ],
    "Ammount": 30000.0,
    "AmmountMax": 30000.0,
    "RefreshPerRestart": 5000.0,
    "ChanceRefresh": 0.5
}