{
    "IDE": 1352382501,
    "Location": "Shakhovka",
    "Position": [
        9661.3798828125,
        209.75738525390626,
        6561.9599609375
    ],
    "Ammount": 30000.0,
    "AmmountMax": 30000.0,
    "RefreshPerRestart": 5000.0,
    "ChanceRefresh": 0.5
}