{
    "IDE": 1797684252,
    "Location": "Three Valleys",
    "Position": [
        12888.7568359375,
        22.316434860229493,
        5649.11962890625
    ],
    "Ammount": 30000.0,
    "AmmountMax": 30000.0,
    "RefreshPerRestart": 5000.0,
    "ChanceRefresh": 0.5
}