{
    "IDE": 1865121756,
    "Location": "Olha",
    "Position": [
        13360.716796875,
        95.67249298095703,
        12866.1630859375
    ],
    "Ammount": 30000.0,
    "AmmountMax": 30000.0,
    "RefreshPerRestart": 5000.0,
    "ChanceRefresh": 0.5
}