{
    "IDE": 2989643,
    "Location": "Novodmitrovsk",
    "Position": [
        11610.8466796875,
        58.61098861694336,
        14674.2265625
    ],
    "Ammount": 15000.0,
    "AmmountMax": 30000.0,
    "RefreshPerRestart": 5000.0,
    "ChanceRefresh": 0.5
}