{
    "IDE": 613325729,
    "Location": "Balota",
    "Position": [
        4402.51220703125,
        6.935332775115967,
        2483.396484375
    ],
    "Ammount": 30000.0,
    "AmmountMax": 30000.0,
    "RefreshPerRestart": 5000.0,
    "ChanceRefresh": 0.5
}