{
    "IDE": 697620995,
    "Location": "Stary Yar",
    "Position": [
        4982.01123046875,
        474.7389221191406,
        15134.5380859375
    ],
    "Ammount": 30000.0,
    "AmmountMax": 30000.0,
    "RefreshPerRestart": 5000.0,
    "ChanceRefresh": 0.5
}