{
    "IDE": 756292130,
    "Location": "Kabanino",
    "Position": [
        5407.03955078125,
        330.9647216796875,
        8566.7998046875
    ],
    "Ammount": 30000.0,
    "AmmountMax": 30000.0,
    "RefreshPerRestart": 5000.0,
    "ChanceRefresh": 0.5
}