{
    "IDE": 839787418,
    "Location": "Novoselky",
    "Position": [
        6039.189453125,
        66.53658294677735,
        3257.370849609375
    ],
    "Ammount": 30000.0,
    "AmmountMax": 30000.0,
    "RefreshPerRestart": 5000.0,
    "ChanceRefresh": 0.5
}