{
    "IDE": 915424936,
    "Location": "Vyshnoye",
    "Position": [
        6541.5283203125,
        322.4500732421875,
        6090.2490234375
    ],
    "Ammount": 15000.0,
    "AmmountMax": 30000.0,
    "RefreshPerRestart": 5000.0,
    "ChanceRefresh": 0.5
}