{
    "IDE": 991024604,
    "Location": "Dubky",
    "Position": [
        7080.77294921875,
        193.53822326660157,
        4308.8125
    ],
    "Ammount": 15000.0,
    "AmmountMax": 30000.0,
    "RefreshPerRestart": 5000.0,
    "ChanceRefresh": 0.5
}